ld,load_name,n
1,LD_1,7575
2,LD_2,2192
3,LD_6,4514
4,LD_7,4515
5,LD_9,4514
6,LD_10,2693
7,LD_13,2157
8,LD_26,5363
9,LD_29,7339
10,LD_33,4562
11,LD_46,6387
12,LD_55,7881
13,LD_56,6673
14,LD_57,6673
15,LD_60,1453
16,LD_63,1084
17,LD_69,7763
18,LD_70,4873
19,LD_72,3456
20,LD_78,7835
21,LD_80,9219
22,LD_83,4005
23,LD_84,7966
24,LD_85,9341
25,LD_86,1193
26,LD_87,1196
27,LD_88,8213
28,LD_95,7610
29,LD_98,4732
30,LD_100,9317
31,LD_101,4532
32,LD_103,7576
33,LD_104,7576
34,LD_108,5084
35,LD_109,8269
36,LD_112,6720
37,LD_115,6023
38,LD_116,6023
39,LD_120,9215
40,LD_126,7214
41,LD_128,96
42,LD_143,4923
43,LD_145,5026
44,LD_149,1187
45,LD_152,6547
46,LD_168,876
47,LD_169,876
48,LD_171,4594
49,LD_178,3134
50,LD_179,3755
51,LD_192,5555
52,LD_197,5688
53,LD_201,4178
54,LD_205,4178
55,LD_206,4179
56,LD_210,6866
57,LD_211,9905
58,LD_224,9445
59,LD_229,7077
60,LD_235,5756
61,LD_241,654
62,LD_250,8106
63,LD_262,9492
64,LD_263,1299
65,LD_264,1299
66,LD_271,5033
67,LD_279,9200
68,LD_280,6138
69,LD_290,6464
70,LD_295,7237
71,LD_296,8619
72,LD_300,1151
73,LD_305,9161
74,LD_307,2130
75,LD_309,8296
76,LD_311,8398
77,LD_321,4416
78,LD_327,1507
79,LD_328,6645
80,LD_329,7071
81,LD_339,3618
82,LD_340,2299
83,LD_341,2299
84,LD_344,4121
85,LD_347,5336
86,LD_349,1261
87,LD_351,4743
88,LD_364,8210
89,LD_365,1092
90,LD_366,1092
91,LD_371,1907
92,LD_373,2586
93,LD_375,2586
94,LD_382,101
95,LD_383,102
96,LD_386,1800
97,LD_387,1800
98,LD_396,8247
99,LD_398,6826
100,LD_401,2367
101,LD_402,2367
102,LD_404,2367
103,LD_405,3604
104,LD_418,7013
105,LD_429,2372
106,LD_430,468
107,LD_433,1826
108,LD_437,4146
109,LD_443,789
110,LD_446,1166
111,LD_453,3146
112,LD_462,9695
113,LD_467,7636
114,LD_468,8653
115,LD_470,7613
116,LD_471,7609
117,LD_472,305
118,LD_478,312
119,LD_485,5445
120,LD_486,7607
121,LD_491,1458
122,LD_492,1458
123,LD_493,4752
124,LD_501,8096
125,LD_507,3093
126,LD_511,2594
127,LD_514,2692
128,LD_516,2692
129,LD_521,9048
130,LD_527,5810
131,LD_529,8727
132,LD_533,8423
133,LD_534,9087
134,LD_540,2507
135,LD_541,2507
136,LD_542,1887
137,LD_544,1832
138,LD_546,2536
139,LD_549,5010
140,LD_550,5010
141,LD_559,1597
142,LD_565,1199
143,LD_568,1004
144,LD_569,6261
145,LD_570,4149
146,LD_571,7694
147,LD_573,1495
148,LD_575,9406
149,LD_577,9575
150,LD_580,1239
151,LD_594,1462
152,LD_597,1462
153,LD_599,8347
154,LD_602,8907
155,LD_608,211
156,LD_610,9832
157,LD_616,7594
158,LD_625,4027
159,LD_627,3167
160,LD_637,6634
161,LD_639,7361
162,LD_642,2397
163,LD_646,5134
164,LD_647,8787
165,LD_652,4704
166,LD_653,4712
167,LD_655,6483
168,LD_663,2955
169,LD_665,5196
170,LD_666,5197
171,LD_668,5367
172,LD_669,2164
173,LD_674,4055
174,LD_676,6535
175,LD_688,1319
176,LD_695,446
177,LD_698,3223
178,LD_704,4453
179,LD_706,5008
180,LD_707,5009
181,LD_708,5008
182,LD_710,7767
183,LD_711,4756
184,LD_712,2128
185,LD_720,52
186,LD_723,4521
187,LD_726,6798
188,LD_738,8582
189,LD_739,8613
190,LD_746,7189
191,LD_747,9678
192,LD_751,586
193,LD_761,4855
194,LD_763,9537
195,LD_765,6761
196,LD_769,2339
197,LD_780,4823
198,LD_781,2751
199,LD_782,2752
200,LD_787,4548
201,LD_792,7163
202,LD_795,1790
203,LD_801,2823
204,LD_804,6660
205,LD_810,5137
206,LD_813,3309
207,LD_814,3309
208,LD_815,3168
209,LD_818,6161
210,LD_819,8151
211,LD_820,8151
212,LD_831,6685
213,LD_832,5048
214,LD_834,5048
215,LD_835,5048
216,LD_837,7188
217,LD_840,7188
218,LD_841,6273
219,LD_846,608
220,LD_852,5867
221,LD_854,1075
222,LD_856,9311
223,LD_859,9814
224,LD_860,9815
225,LD_866,4730
226,LD_878,6816
227,LD_879,4536
228,LD_886,1516
229,LD_890,1620
230,LD_891,1620
231,LD_898,8046
232,LD_899,8046
233,LD_904,1582
234,LD_905,1585
235,LD_906,1584
236,LD_908,348
237,LD_917,9655
238,LD_918,9656
239,LD_921,1581
240,LD_923,3683
241,LD_925,5527
242,LD_927,2566
243,LD_940,9860
244,LD_946,2749
245,LD_953,6205
246,LD_955,4000
247,LD_958,3038
248,LD_964,2627
249,LD_972,441
250,LD_973,441
251,LD_980,1529
252,LD_981,4929
253,LD_987,329
254,LD_989,598
255,LD_997,1294
256,LD_998,1294
257,LD_1007,1910
258,LD_1015,2598
259,LD_1018,8941
260,LD_1020,9732
261,LD_1032,2266
262,LD_1035,7808
263,LD_1037,154
264,LD_1040,8126
265,LD_1044,1900
266,LD_1046,1731
267,LD_1047,1732
268,LD_1050,8925
269,LD_1053,2304
270,LD_1054,2304
271,LD_1055,2365
272,LD_1063,1868
273,LD_1064,1868
274,LD_1065,9612
275,LD_1069,7048
276,LD_1074,9305
277,LD_1075,9305
278,LD_1077,6109
279,LD_1078,6109
280,LD_1086,3327
281,LD_1090,8395
282,LD_1098,9342
283,LD_1099,4021
284,LD_1101,4773
285,LD_1106,9351
286,LD_1109,1838
287,LD_1114,3064
288,LD_1116,9457
289,LD_1120,3761
290,LD_1125,1814
291,LD_1131,9569
292,LD_1132,2045
293,LD_1133,2045
294,LD_1134,5562
295,LD_1138,9417
296,LD_1150,494
297,LD_1152,960
298,LD_1157,834
299,LD_1164,6075
300,LD_1168,5022
301,LD_1174,5055
302,LD_1176,6444
303,LD_1179,6444
304,LD_1184,1200
305,LD_1187,2705
306,LD_1191,5091
307,LD_1192,5091
308,LD_1202,652
309,LD_1204,9191
310,LD_1205,9188
311,LD_1208,2504
312,LD_1211,2415
313,LD_1212,2415
314,LD_1213,2415
315,LD_1228,1205
316,LD_1231,1230
317,LD_1232,1231
318,LD_1235,361
319,LD_1237,7712
320,LD_1240,4315
321,LD_1247,1913
322,LD_1253,9138
323,LD_1255,6103
324,LD_1262,1625
325,LD_1269,1263
326,LD_1270,1267
327,LD_1286,5932
328,LD_1288,4765
329,LD_1291,5047
330,LD_1292,9336
331,LD_1298,2077
332,LD_1300,1207
333,LD_1311,4427
334,LD_1315,8063
335,LD_1319,2658
336,LD_1322,8029
337,LD_1326,8934
338,LD_1327,8934
339,LD_1329,1752
340,LD_1330,762
341,LD_1331,6106
342,LD_1332,6105
343,LD_1335,962
344,LD_1336,9125
345,LD_1341,5390
346,LD_1343,4030
347,LD_1346,6650
348,LD_1347,6650
349,LD_1350,3394
350,LD_1351,6647
351,LD_1352,6647
352,LD_1353,4564
353,LD_1359,465
354,LD_1377,6364
355,LD_1379,9757
356,LD_1380,9757
357,LD_1381,1775
358,LD_1383,1775
359,LD_1384,1776
360,LD_1386,7517
361,LD_1389,6225
362,LD_1393,6478
363,LD_1395,1373
364,LD_1406,6341
365,LD_1415,5936
366,LD_1421,6263
367,LD_1422,6263
368,LD_1426,3272
369,LD_1436,5927
370,LD_1437,5927
371,LD_1438,7038
372,LD_1440,1747
373,LD_1443,8921
374,LD_1449,4979
375,LD_1460,711
376,LD_1466,7145
377,LD_1468,9198
378,LD_1469,3674
379,LD_1470,3674
380,LD_1474,4813
381,LD_1481,1818
382,LD_1482,2653
383,LD_1484,1905
384,LD_1488,4348
385,LD_1489,4348
386,LD_1490,5357
387,LD_1492,2473
388,LD_1505,8386
389,LD_1509,1376
390,LD_1512,2152
391,LD_1513,5455
392,LD_1514,5455
393,LD_1516,6428
394,LD_1517,3000
395,LD_1521,92
396,LD_1525,5809
397,LD_1542,8068
398,LD_1548,8758
399,LD_1551,8758
400,LD_1554,4797
401,LD_1556,7364
402,LD_1559,8993
403,LD_1561,3824
404,LD_1562,7858
405,LD_1563,5433
406,LD_1572,7054
407,LD_1574,7054
408,LD_1580,1356
409,LD_1585,4496
410,LD_1588,4527
411,LD_1593,129
412,LD_1594,6113
413,LD_1596,6113
414,LD_1608,6677
415,LD_1623,8959
416,LD_1624,8959
417,LD_1626,4708
418,LD_1628,6177
419,LD_1629,3578
420,LD_1631,3131
421,LD_1632,5547
422,LD_1639,5188
423,LD_1640,4754
424,LD_1642,2791
425,LD_1646,6362
426,LD_1649,4794
427,LD_1651,6231
428,LD_1653,3504
429,LD_1662,3729
430,LD_1664,6887
431,LD_1665,8027
432,LD_1666,6460
433,LD_1669,6025
434,LD_1672,6890
435,LD_1674,4336
436,LD_1676,6474
437,LD_1680,1492
438,LD_1684,7580
439,LD_1686,6276
440,LD_1689,2141
441,LD_1690,9568
442,LD_1693,6669
443,LD_1694,4310
444,LD_1703,6468
445,LD_1707,39
446,LD_1713,6651
447,LD_1716,4333
448,LD_1717,4333
449,LD_1719,7438
450,LD_1722,8400
451,LD_1727,3851
452,LD_1734,2813
453,LD_1735,2813
454,LD_1740,2891
455,LD_1745,891
456,LD_1751,3470
457,LD_1754,7098
458,LD_1758,1770
459,LD_1762,1715
460,LD_1765,160
461,LD_1776,3085
462,LD_1787,1603
463,LD_1790,1603
464,LD_1792,1603
465,LD_1796,5751
466,LD_1799,6454
467,LD_1800,8009
468,LD_1801,7429
469,LD_1805,187
470,LD_1806,187
471,LD_1807,1383
472,LD_1809,1382
473,LD_1820,2750
474,LD_1824,2685
475,LD_1829,2456
476,LD_1837,4431
477,LD_1841,4742
478,LD_1845,4234
479,LD_1847,186
480,LD_1857,359
481,LD_1860,4253
482,LD_1863,4464
483,LD_1865,1442
484,LD_1867,6290
485,LD_1873,5052
486,LD_1876,4984
487,LD_1885,6560
488,LD_1888,8438
489,LD_1890,6540
490,LD_1891,9061
491,LD_1892,9514
492,LD_1894,1213
493,LD_1897,6088
494,LD_1900,2306
495,LD_1904,6783
496,LD_1905,7150
497,LD_1907,2804
498,LD_1908,4887
499,LD_1911,8877
500,LD_1912,8259
501,LD_1916,2913
502,LD_1918,9331
503,LD_1922,5037
504,LD_1925,5204
505,LD_1926,5154
506,LD_1930,4048
507,LD_1938,4748
508,LD_1942,2711
509,LD_1947,2711
510,LD_1951,2612
511,LD_1952,2612
512,LD_1956,2618
513,LD_1968,5987
514,LD_1969,5987
515,LD_1973,6566
516,LD_1975,4611
517,LD_1976,4611
518,LD_1989,1501
519,LD_1993,7503
520,LD_1995,7503
521,LD_1996,7503
522,LD_1997,7503
523,LD_2001,3055
524,LD_2009,1391
525,LD_2019,8771
526,LD_2021,9289
527,LD_2022,8968
528,LD_2023,9098
529,LD_2031,8244
530,LD_2044,837
531,LD_2047,4728
532,LD_2049,8581
533,LD_2051,8295
534,LD_2060,2020
535,LD_2062,75
536,LD_2063,7505
537,LD_2074,506
538,LD_2083,503
539,LD_2090,523
540,LD_2093,512
541,LD_2096,2867
542,LD_2097,2867
543,LD_2098,4819
544,LD_2102,635
545,LD_2103,641
546,LD_2109,8401
547,LD_2114,2725
548,LD_2117,7032
549,LD_2122,8904
550,LD_2125,442
551,LD_2129,7618
552,LD_2131,7615
553,LD_2132,7615
554,LD_2137,5970
555,LD_2141,1681
556,LD_2147,5741
557,LD_2148,7977
558,LD_2160,1445
559,LD_2161,1446
560,LD_2171,4522
561,LD_2173,1571
562,LD_2178,8549
563,LD_2182,3453
564,LD_2189,790
565,LD_2192,9059
566,LD_2193,9313
567,LD_2194,9313
568,LD_2196,2324
569,LD_2197,2324
570,LD_2199,1553
571,LD_2203,3079
572,LD_2207,2221
573,LD_2208,2184
574,LD_2215,1142
575,LD_2224,8013
576,LD_2225,8013
577,LD_2231,8508
578,LD_2235,497
579,LD_2236,496
580,LD_2237,496
581,LD_2244,3864
582,LD_2252,2787
583,LD_2256,971
584,LD_2257,971
585,LD_2258,9084
586,LD_2262,8001
587,LD_2265,2678
588,LD_2268,1720
589,LD_2269,5661
590,LD_2272,6717
591,LD_2275,5172
592,LD_2276,4725
593,LD_2278,5191
594,LD_2281,7057
595,LD_2283,7176
596,LD_2284,7176
597,LD_2285,9829
598,LD_2286,4718
599,LD_2304,5728
600,LD_2307,3424
601,LD_2313,7448
602,LD_2315,7448
603,LD_2316,5079
604,LD_2321,8936
605,LD_2322,8936
606,LD_2324,3017
607,LD_2330,1713
608,LD_2334,1253
609,LD_2336,1249
610,LD_2338,4741
611,LD_2339,6771
612,LD_2348,4814
613,LD_2351,245
614,LD_2353,4151
615,LD_2357,4500
616,LD_2359,7478
617,LD_2363,6620
618,LD_2364,6620
619,LD_2368,4401
620,LD_2371,4723
621,LD_2372,4723
622,LD_2373,2911
623,LD_2374,2911
624,LD_2377,6174
625,LD_2383,6445
626,LD_2384,3953
627,LD_2391,9748
628,LD_2392,495
629,LD_2394,9470
630,LD_2395,9470
631,LD_2397,2704
632,LD_2398,2704
633,LD_2399,9803
634,LD_2406,2125
635,LD_2408,8053
636,LD_2416,1596
637,LD_2417,1596
638,LD_2418,4236
639,LD_2419,1378
640,LD_2425,1307
641,LD_2430,6494
642,LD_2431,5040
643,LD_2437,7548
644,LD_2458,1339
645,LD_2460,1341
646,LD_2462,1335
647,LD_2463,1342
648,LD_2466,1332
649,LD_2472,674
650,LD_2479,2291
651,LD_2480,2291
652,LD_2482,1816
653,LD_2484,2691
654,LD_2485,2092
655,LD_2493,2318
656,LD_2494,2318
657,LD_2499,8918
658,LD_2515,5623
659,LD_2519,2329
660,LD_2520,9875
661,LD_2521,1540
662,LD_2522,1737
663,LD_2523,1737
664,LD_2526,149
665,LD_2535,3982
666,LD_2542,3619
667,LD_2547,4271
668,LD_2553,8930
669,LD_2561,7625
670,LD_2563,6712
671,LD_2567,2700
672,LD_2573,6809
673,LD_2575,7583
674,LD_2579,2369
675,LD_2583,2689
676,LD_2585,7945
677,LD_2586,7377
678,LD_2587,2831
679,LD_2589,5202
680,LD_2594,7588
681,LD_2600,4043
682,LD_2602,560
683,LD_2608,9173
684,LD_2613,5944
685,LD_2614,8783
686,LD_2619,4836
687,LD_2622,1427
688,LD_2624,1424
689,LD_2633,6901
690,LD_2635,6700
691,LD_2639,3866
692,LD_2643,9666
693,LD_2646,1884
694,LD_2648,1884
695,LD_2649,1884
696,LD_2650,2558
697,LD_2655,662
698,LD_2662,3687
699,LD_2663,3687
700,LD_2667,3503
701,LD_2668,8983
702,LD_2669,9100
703,LD_2673,2378
704,LD_2675,5583
705,LD_2676,5583
706,LD_2677,3260
707,LD_2679,3215
708,LD_2680,3215
709,LD_2683,2374
710,LD_2689,4511
711,LD_2693,6516
712,LD_2698,6437
713,LD_2699,6438
714,LD_2701,4260
715,LD_2704,4342
716,LD_2707,3029
717,LD_2714,6542
718,LD_2715,6541
719,LD_2717,9889
720,LD_2720,6999
721,LD_2725,6306
722,LD_2730,8232
723,LD_2740,4982
724,LD_2741,4982
725,LD_2743,8442
726,LD_2748,6156
727,LD_2752,3777
728,LD_2757,732
729,LD_2762,9376
730,LD_2768,994
731,LD_2769,994
732,LD_2774,2044
733,LD_2775,2044
734,LD_2790,1718
735,LD_2791,6861
736,LD_2799,874
737,LD_2800,9325
738,LD_2802,9308
739,LD_2806,2670
740,LD_2814,5124
741,LD_2815,5993
742,LD_2825,566
743,LD_2835,4481
744,LD_2837,8506
745,LD_2843,132
746,LD_2849,1859
747,LD_2852,5078
748,LD_2858,5740
749,LD_2859,2492
750,LD_2862,1535
751,LD_2874,2427
752,LD_2875,2428
753,LD_2877,2429
754,LD_2880,2207
755,LD_2882,9531
756,LD_2886,8393
757,LD_2887,8393
758,LD_2888,8451
759,LD_2897,6172
760,LD_2906,2920
761,LD_2907,2920
762,LD_2908,182
763,LD_2922,5514
764,LD_2923,5514
765,LD_2926,1164
766,LD_2933,1111
767,LD_2942,3428
768,LD_2947,501
769,LD_2950,8957
770,LD_2957,2323
771,LD_2958,8199
772,LD_2961,9221
773,LD_2965,4936
774,LD_2966,3905
775,LD_2984,7063
776,LD_2986,2918
777,LD_2987,4615
778,LD_2989,6170
779,LD_2990,5969
780,LD_2992,8717
781,LD_2996,2441
782,LD_2999,1994
783,LD_3000,5428
784,LD_3002,5380
785,LD_3003,7074
786,LD_3006,4478
787,LD_3021,4432
788,LD_3023,6188
789,LD_3024,8216
790,LD_3028,5735
791,LD_3031,6258
792,LD_3034,5506
793,LD_3037,6084
794,LD_3041,2866
795,LD_3043,1867
796,LD_3049,5475
797,LD_3050,4456
798,LD_3054,7240
799,LD_3055,2917
800,LD_3063,749
801,LD_3064,7839
802,LD_3065,7839
803,LD_3067,7001
804,LD_3068,4304
805,LD_3069,4305
806,LD_3078,4454
807,LD_3079,569
808,LD_3081,569
809,LD_3082,8114
810,LD_3083,7157
811,LD_3084,5699
812,LD_3085,5698
813,LD_3086,5297
814,LD_3087,2404
815,LD_3088,2404
816,LD_3089,5821
817,LD_3102,856
818,LD_3108,1604
819,LD_3109,1604
820,LD_3123,2567
821,LD_3125,2112
822,LD_3127,1386
823,LD_3128,1386
824,LD_3141,2599
825,LD_3143,2599
826,LD_3144,2599
827,LD_3146,3699
828,LD_3147,3699
829,LD_3150,4744
830,LD_3153,2885
831,LD_3156,4931
832,LD_3159,1325
833,LD_3160,8143
834,LD_3162,7485
835,LD_3164,5786
836,LD_3170,3491
837,LD_3171,3492
838,LD_3174,2359
839,LD_3175,2359
840,LD_3183,8329
841,LD_3184,5649
842,LD_3189,2301
843,LD_3191,8528
844,LD_3192,8466
845,LD_3194,1062
846,LD_3196,3463
847,LD_3198,1370
848,LD_3200,1370
849,LD_3203,8525
850,LD_3211,1567
851,LD_3212,1567
852,LD_3214,1567
853,LD_3218,173
854,LD_3219,7123
855,LD_3220,6408
856,LD_3230,8966
857,LD_3234,9737
858,LD_3240,2724
859,LD_3243,8111
860,LD_3252,4571
861,LD_3255,3642
862,LD_3256,3642
863,LD_3262,784
864,LD_3265,8892
865,LD_3266,8892
866,LD_3268,1161
867,LD_3272,6259
868,LD_3274,2353
869,LD_3277,6246
870,LD_3278,6246
871,LD_3280,1960
872,LD_3292,797
873,LD_3295,1835
874,LD_3304,807
875,LD_3307,4360
876,LD_3311,475
877,LD_3313,475
878,LD_3314,475
879,LD_3316,7311
880,LD_3319,9115
881,LD_3324,7451
882,LD_3325,7452
883,LD_3327,5267
884,LD_3329,5267
885,LD_3331,6585
886,LD_3337,1560
887,LD_3350,4329
888,LD_3352,404
889,LD_3353,405
890,LD_3354,404
891,LD_3372,2839
892,LD_3374,8513
893,LD_3379,2060
894,LD_3384,6448
895,LD_3396,3935
896,LD_3402,4104
897,LD_3403,4105
898,LD_3405,366
899,LD_3407,3845
900,LD_3408,2977
901,LD_3409,2978
902,LD_3410,197
903,LD_3417,4292
904,LD_3423,2144
905,LD_3431,2420
906,LD_3436,8910
907,LD_3437,3848
908,LD_3438,7664
909,LD_3439,7664
910,LD_3444,8708
911,LD_3445,8709
912,LD_3446,8711
913,LD_3450,8256
914,LD_3453,6068
915,LD_3454,6068
916,LD_3458,969
917,LD_3462,4281
918,LD_3464,706
919,LD_3470,5042
920,LD_3477,3388
921,LD_3479,2303
922,LD_3481,3596
923,LD_3483,444
924,LD_3495,2476
925,LD_3497,7719
926,LD_3499,7719
927,LD_3500,7719
928,LD_3501,7719
929,LD_3503,1532
930,LD_3504,1533
931,LD_3507,7432
932,LD_3508,7432
933,LD_3509,2597
934,LD_3510,2597
935,LD_3511,2893
936,LD_3516,7313
937,LD_3523,6775
938,LD_3526,4733
939,LD_3528,1914
940,LD_3531,1487
941,LD_3532,1487
942,LD_3537,4445
943,LD_3539,5198
944,LD_3541,3509
945,LD_3549,6659
946,LD_3557,9179
947,LD_3559,9224
948,LD_3561,9224
949,LD_3562,5748
950,LD_3568,3807
951,LD_3573,8885
952,LD_3575,1258
953,LD_3581,8608
954,LD_3584,6630
955,LD_3593,5247
956,LD_3598,4607
957,LD_3602,6708
958,LD_3604,6708
959,LD_3610,997
960,LD_3613,4719
961,LD_3615,4572
962,LD_3617,1523
963,LD_3621,3933
964,LD_3627,2388
965,LD_3634,2452
966,LD_3636,2452
967,LD_3638,2018
968,LD_3649,4175
969,LD_3652,4174
970,LD_3656,1763
971,LD_3660,1767
972,LD_3671,412
973,LD_3672,411
974,LD_3673,412
975,LD_3674,8303
976,LD_3675,9011
977,LD_3678,279
978,LD_3683,5536
979,LD_3684,5534
980,LD_3685,5534
981,LD_3687,146
982,LD_3688,6948
983,LD_3689,6948
984,LD_3691,4283
985,LD_3695,2357
986,LD_3697,3298
987,LD_3698,2124
988,LD_3701,9927
989,LD_3711,4828
990,LD_3714,3126
991,LD_3715,3126
992,LD_3716,4820
993,LD_3718,2922
994,LD_3721,3218
995,LD_3724,5530
996,LD_3729,1344
997,LD_3730,1344
998,LD_3735,2419
999,LD_3739,5262
1000,LD_3743,5666
1001,LD_3745,4541
1002,LD_3748,1153
1003,LD_3752,8414
1004,LD_3756,5123
1005,LD_3766,5888
1006,LD_3781,2097
1007,LD_3785,2668
1008,LD_3791,8412
1009,LD_3793,9753
1010,LD_3794,9752
1011,LD_3799,5592
1012,LD_3802,561
1013,LD_3803,563
1014,LD_3804,563
1015,LD_3815,4415
1016,LD_3822,9455
1017,LD_3823,1871
1018,LD_3827,7877
1019,LD_3834,3995
1020,LD_3839,4009
1021,LD_3843,4371
1022,LD_3844,5076
1023,LD_3845,5076
1024,LD_3856,3676
1025,LD_3860,9171
1026,LD_3863,2687
1027,LD_3865,9460
1028,LD_3870,6878
1029,LD_3871,7894
1030,LD_3872,7894
1031,LD_3873,7989
1032,LD_3874,7989
1033,LD_3875,8069
1034,LD_3883,791
1035,LD_3887,6549
1036,LD_3894,5016
1037,LD_3896,6143
1038,LD_3899,6143
1039,LD_3900,6548
1040,LD_3902,6465
1041,LD_3905,4763
1042,LD_3910,480
1043,LD_3911,480
1044,LD_3912,480
1045,LD_3916,4859
1046,LD_3918,5617
1047,LD_3924,5164
1048,LD_3928,8323
1049,LD_3929,3542
1050,LD_3933,6349
1051,LD_3936,8474
1052,LD_3939,781
1053,LD_3940,680
1054,LD_3949,2648
1055,LD_3953,4528
1056,LD_3954,5024
1057,LD_3962,6666
1058,LD_3964,665
1059,LD_3969,445
1060,LD_3972,1808
1061,LD_3976,2537
1062,LD_3977,1834
1063,LD_3980,1809
1064,LD_3986,1811
1065,LD_3987,1811
1066,LD_3993,9448
1067,LD_3994,3466
1068,LD_3996,2645
1069,LD_4001,2683
1070,LD_4002,2340
1071,LD_4008,3836
1072,LD_4010,6119
1073,LD_4015,74
1074,LD_4021,9558
1075,LD_4024,9381
1076,LD_4028,2942
1077,LD_4037,5812
1078,LD_4039,7735
1079,LD_4043,1522
1080,LD_4044,8794
1081,LD_4045,8794
1082,LD_4047,242
1083,LD_4052,6762
1084,LD_4053,6763
1085,LD_4058,7380
1086,LD_4067,3345
1087,LD_4068,3345
1088,LD_4070,2342
1089,LD_4078,6595
1090,LD_4080,6593
1091,LD_4083,2620
1092,LD_4085,2620
1093,LD_4090,6283
1094,LD_4096,8509
1095,LD_4098,4750
1096,LD_4099,8792
1097,LD_4100,8792
1098,LD_4104,161
1099,LD_4106,1855
1100,LD_4108,2862
1101,LD_4109,3158
1102,LD_4114,3261
1103,LD_4116,3878
1104,LD_4117,6648
1105,LD_4118,6648
1106,LD_4119,5479
1107,LD_4121,855
1108,LD_4123,854
1109,LD_4125,854
1110,LD_4131,8725
1111,LD_4133,4971
1112,LD_4136,550
1113,LD_4138,8389
1114,LD_4139,3135
1115,LD_4140,3135
1116,LD_4143,5116
1117,LD_4145,320
1118,LD_4147,5656
1119,LD_4148,4998
1120,LD_4150,203
1121,LD_4151,203
1122,LD_4153,2116
1123,LD_4167,3379
1124,LD_4181,6705
1125,LD_4182,5627
1126,LD_4184,5425
1127,LD_4186,4435
1128,LD_4188,5167
1129,LD_4192,5472
1130,LD_4197,8358
1131,LD_4198,8358
1132,LD_4199,3067
1133,LD_4200,6684
1134,LD_4203,4275
1135,LD_4204,4884
1136,LD_4216,4363
1137,LD_4218,7224
1138,LD_4220,6874
1139,LD_4227,751
1140,LD_4229,5216
1141,LD_4230,4352
1142,LD_4232,3283
1143,LD_4240,7520
1144,LD_4243,3489
1145,LD_4246,2768
1146,LD_4247,2768
1147,LD_4255,6208
1148,LD_4256,6209
1149,LD_4261,547
1150,LD_4263,6891
1151,LD_4264,6605
1152,LD_4266,853
1153,LD_4269,2061
1154,LD_4270,5166
1155,LD_4282,5486
1156,LD_4285,1933
1157,LD_4287,6758
1158,LD_4294,968
1159,LD_4298,8219
1160,LD_4301,8588
1161,LD_4307,8818
1162,LD_4309,8806
1163,LD_4313,8195
1164,LD_4320,8808
1165,LD_4329,8843
1166,LD_4333,8810
1167,LD_4334,8810
1168,LD_4339,8807
1169,LD_4341,8852
1170,LD_4342,8813
1171,LD_4345,8836
1172,LD_4351,575
1173,LD_4355,5148
1174,LD_4356,5147
1175,LD_4357,5481
1176,LD_4360,6346
1177,LD_4361,6346
1178,LD_4366,3060
1179,LD_4367,3060
1180,LD_4373,2708
1181,LD_4375,7086
1182,LD_4384,9619
1183,LD_4387,4985
1184,LD_4394,6412
1185,LD_4395,6413
1186,LD_4396,5757
1187,LD_4397,4940
1188,LD_4402,6515
1189,LD_4403,4670
1190,LD_4406,5034
1191,LD_4413,481
1192,LD_4420,6765
1193,LD_4421,6765
1194,LD_4422,2328
1195,LD_4426,1012
1196,LD_4428,1552
1197,LD_4429,1085
1198,LD_4431,9318
1199,LD_4432,9029
1200,LD_4440,2647
1201,LD_4441,2647
1202,LD_4445,2641
1203,LD_4448,2641
1204,LD_4450,2436
1205,LD_4453,3201
1206,LD_4456,6933
1207,LD_4460,9836
1208,LD_4477,2590
1209,LD_4480,6345
1210,LD_4483,2216
1211,LD_4493,8037
1212,LD_4495,8759
1213,LD_4502,1981
1214,LD_4503,1559
1215,LD_4504,1113
1216,LD_4507,1323
1217,LD_4509,1323
1218,LD_4514,6858
1219,LD_4516,6858
1220,LD_4518,8871
1221,LD_4519,8869
1222,LD_4528,9466
1223,LD_4535,4126
1224,LD_4548,2937
1225,LD_4549,5859
1226,LD_4551,926
1227,LD_4555,8039
1228,LD_4557,1934
1229,LD_4560,6328
1230,LD_4570,8056
1231,LD_4574,6253
1232,LD_4585,5473
1233,LD_4588,6507
1234,LD_4589,6508
1235,LD_4598,2498
1236,LD_4612,4808
1237,LD_4615,1449
1238,LD_4619,8032
1239,LD_4621,7864
1240,LD_4626,6944
1241,LD_4627,7857
1242,LD_4639,7531
1243,LD_4649,4322
1244,LD_4653,4340
1245,LD_4656,714
1246,LD_4661,2697
1247,LD_4663,9458
1248,LD_4667,2745
1249,LD_4669,2418
1250,LD_4673,9462
1251,LD_4685,4614
1252,LD_4688,5014
1253,LD_4689,9696
1254,LD_4690,9696
1255,LD_4698,6288
1256,LD_4699,6288
1257,LD_4702,1791
1258,LD_4703,6181
1259,LD_4704,6183
1260,LD_4706,470
1261,LD_4707,470
1262,LD_4717,2156
1263,LD_4721,9596
1264,LD_4722,9597
1265,LD_4746,9062
1266,LD_4747,9062
1267,LD_4749,9212
1268,LD_4752,1096
1269,LD_4757,9663
1270,LD_4759,8174
1271,LD_4766,4827
1272,LD_4767,4826
1273,LD_4769,5346
1274,LD_4771,4373
1275,LD_4777,4540
1276,LD_4778,4372
1277,LD_4785,3228
1278,LD_4794,5685
1279,LD_4796,4367
1280,LD_4797,4367
1281,LD_4798,6970
1282,LD_4800,7559
1283,LD_4803,6962
1284,LD_4810,601
1285,LD_4811,601
1286,LD_4815,6694
1287,LD_4828,3353
1288,LD_4831,5607
1289,LD_4832,5607
1290,LD_4837,9122
1291,LD_4839,109
1292,LD_4840,7906
1293,LD_4842,2110
1294,LD_4846,4153
1295,LD_4848,8649
1296,LD_4854,6407
1297,LD_4858,110
1298,LD_4866,5404
1299,LD_4880,6107
1300,LD_4884,6203
1301,LD_4887,6204
1302,LD_4890,2941
1303,LD_4893,5795
1304,LD_4896,6184
1305,LD_4899,8288
1306,LD_4900,2052
1307,LD_4901,2052
1308,LD_4902,8556
1309,LD_4904,8394
1310,LD_4908,5073
1311,LD_4912,334
1312,LD_4913,334
1313,LD_4915,1460
1314,LD_4918,9392
1315,LD_4919,9392
1316,LD_4921,9276
1317,LD_4922,7296
1318,LD_4923,7296
1319,LD_4924,9130
1320,LD_4931,9109
1321,LD_4936,8975
1322,LD_4948,8963
1323,LD_4951,9482
1324,LD_4954,297
1325,LD_4956,297
1326,LD_4957,297
1327,LD_4958,5020
1328,LD_4960,6369
1329,LD_4962,342
1330,LD_4971,2876
1331,LD_4973,1813
1332,LD_4983,8084
1333,LD_4986,7673
1334,LD_4987,6523
1335,LD_4988,6523
1336,LD_4992,758
1337,LD_4993,759
1338,LD_4997,9090
1339,LD_5000,7537
1340,LD_5001,7537
1341,LD_5002,863
1342,LD_5003,863
1343,LD_5005,1668
1344,LD_5016,3279
1345,LD_5021,3418
1346,LD_5024,2840
1347,LD_5028,9247
1348,LD_5031,5457
1349,LD_5033,3960
1350,LD_5036,2408
1351,LD_5040,2302
1352,LD_5045,2149
1353,LD_5047,6069
1354,LD_5052,5890
1355,LD_5053,5890
1356,LD_5057,6769
1357,LD_5065,1858
1358,LD_5067,5038
1359,LD_5068,5038
1360,LD_5069,8786
1361,LD_5070,1022
1362,LD_5073,6617
1363,LD_5074,6618
1364,LD_5075,6619
1365,LD_5076,6618
1366,LD_5077,5704
1367,LD_5078,5705
1368,LD_5079,5704
1369,LD_5082,8326
1370,LD_5083,8646
1371,LD_5084,2114
1372,LD_5086,2068
1373,LD_5089,3262
1374,LD_5094,648
1375,LD_5096,1904
1376,LD_5098,1904
1377,LD_5099,1904
1378,LD_5103,8898
1379,LD_5107,5017
1380,LD_5108,5017
1381,LD_5110,848
1382,LD_5116,6544
1383,LD_5122,602
1384,LD_5130,3014
1385,LD_5134,9236
1386,LD_5139,7323
1387,LD_5140,4574
1388,LD_5142,1481
1389,LD_5145,3939
1390,LD_5158,2933
1391,LD_5160,2933
1392,LD_5164,9046
1393,LD_5166,4533
1394,LD_5168,9373
1395,LD_5172,8939
1396,LD_5176,9515
1397,LD_5193,6044
1398,LD_5196,5604
1399,LD_5199,6163
1400,LD_5201,1558
1401,LD_5207,907
1402,LD_5209,9132
1403,LD_5210,7535
1404,LD_5218,8075
1405,LD_5238,8615
1406,LD_5242,5575
1407,LD_5254,6125
1408,LD_5261,7402
1409,LD_5265,9017
1410,LD_5269,6737
1411,LD_5270,7605
1412,LD_5276,1456
1413,LD_5283,1517
1414,LD_5284,1517
1415,LD_5291,4080
1416,LD_5295,3276
1417,LD_5297,7431
1418,LD_5298,7431
1419,LD_5302,8091
1420,LD_5313,2631
1421,LD_5315,2146
1422,LD_5317,2040
1423,LD_5318,2040
1424,LD_5319,2040
1425,LD_5325,369
1426,LD_5329,1087
1427,LD_5337,8604
1428,LD_5338,3443
1429,LD_5339,2690
1430,LD_5341,3664
1431,LD_5345,9972
1432,LD_5346,2046
1433,LD_5348,8902
1434,LD_5349,8902
1435,LD_5354,9762
1436,LD_5355,9337
1437,LD_5359,7015
1438,LD_5363,5452
1439,LD_5368,9535
1440,LD_5372,8481
1441,LD_5378,5586
1442,LD_5384,2583
1443,LD_5385,2583
1444,LD_5386,2583
1445,LD_5388,8405
1446,LD_5389,185
1447,LD_5395,200
1448,LD_5401,8396
1449,LD_5402,8396
1450,LD_5405,1351
1451,LD_5406,6820
1452,LD_5408,7393
1453,LD_5413,4407
1454,LD_5416,421
1455,LD_5420,4262
1456,LD_5423,7810
1457,LD_5424,7813
1458,LD_5428,7276
1459,LD_5433,9296
1460,LD_5434,9297
1461,LD_5436,9024
1462,LD_5439,5697
1463,LD_5442,5697
1464,LD_5443,5697
1465,LD_5444,5697
1466,LD_5446,8223
1467,LD_5448,6935
1468,LD_5453,7014
1469,LD_5462,9268
1470,LD_5468,8399
1471,LD_5476,195
1472,LD_5480,5185
1473,LD_5481,2326
1474,LD_5486,1499
1475,LD_5492,8720
1476,LD_5494,9107
1477,LD_5499,8010
1478,LD_5503,1555
1479,LD_5511,382
1480,LD_5521,3347
1481,LD_5523,2059
1482,LD_5529,2179
1483,LD_5531,4071
1484,LD_5542,1491
1485,LD_5544,2384
1486,LD_5549,3429
1487,LD_5550,5819
1488,LD_5551,661
1489,LD_5555,4821
1490,LD_5557,826
1491,LD_5558,4583
1492,LD_5570,449
1493,LD_5571,449
1494,LD_5573,549
1495,LD_5577,6079
1496,LD_5581,5199
1497,LD_5586,259
1498,LD_5592,4617
1499,LD_5595,4801
1500,LD_5613,3493
1501,LD_5620,4738
1502,LD_5623,1549
1503,LD_5625,8292
1504,LD_5627,5727
1505,LD_5635,4595
1506,LD_5636,4595
1507,LD_5638,4595
1508,LD_5641,3214
1509,LD_5644,6431
1510,LD_5647,9438
1511,LD_5648,9437
1512,LD_5655,8980
1513,LD_5657,1508
1514,LD_5659,9105
1515,LD_5662,5838
1516,LD_5666,6536
1517,LD_5671,554
1518,LD_5672,556
1519,LD_5680,2064
1520,LD_5684,9600
1521,LD_5685,5043
1522,LD_5687,4417
1523,LD_5690,6047
1524,LD_5693,8964
1525,LD_5696,4711
1526,LD_5700,5683
1527,LD_5701,5684
1528,LD_5703,4706
1529,LD_5713,6150
1530,LD_5716,9842
1531,LD_5717,7173
1532,LD_5723,285
1533,LD_5724,286
1534,LD_5725,287
1535,LD_5727,289
1536,LD_5732,7568
1537,LD_5747,903
1538,LD_5748,4530
1539,LD_5752,437
1540,LD_5753,6749
1541,LD_5754,6749
1542,LD_5759,4830
1543,LD_5761,9358
1544,LD_5766,3975
1545,LD_5768,2094
1546,LD_5775,4612
1547,LD_5779,4612
1548,LD_5780,4612
1549,LD_5781,4612
1550,LD_5783,7327
1551,LD_5785,1512
1552,LD_5786,8071
1553,LD_5792,3356
1554,LD_5794,1197
1555,LD_5803,2619
1556,LD_5809,1152
1557,LD_5810,1152
1558,LD_5813,4671
1559,LD_5815,1441
1560,LD_5822,7442
1561,LD_5824,2122
1562,LD_5828,7160
1563,LD_5829,1167
1564,LD_5831,1168
1565,LD_5833,2574
1566,LD_5835,2656
1567,LD_5836,2327
1568,LD_5839,265
1569,LD_5844,270
1570,LD_5846,272
1571,LD_5849,5724
1572,LD_5851,5724
1573,LD_5853,5724
1574,LD_5854,5500
1575,LD_5862,4108
1576,LD_5865,9582
1577,LD_5867,4993
1578,LD_5868,4993
1579,LD_5877,3657
1580,LD_5880,1119
1581,LD_5882,9223
1582,LD_5883,9340
1583,LD_5890,4448
1584,LD_5891,4448
1585,LD_5892,8555
1586,LD_5893,377
1587,LD_5895,9459
1588,LD_5896,9459
1589,LD_5898,4889
1590,LD_5906,7134
1591,LD_5913,3320
1592,LD_5915,5319
1593,LD_5919,3259
1594,LD_5921,2474
1595,LD_5924,5236
1596,LD_5927,5236
1597,LD_5928,4078
1598,LD_5933,6118
1599,LD_5940,1316
1600,LD_5942,5620
1601,LD_5943,9565
1602,LD_5946,9633
1603,LD_5948,9635
1604,LD_5959,8458
1605,LD_5960,184
1606,LD_5966,6094
1607,LD_5971,5939
1608,LD_5974,6324
1609,LD_5976,5602
1610,LD_5980,6158
1611,LD_5984,7357
1612,LD_5985,3264
1613,LD_5990,786
1614,LD_5991,9168
1615,LD_5993,6753
1616,LD_5996,4459
1617,LD_5998,93
1618,LD_5999,93
1619,LD_6006,1359
1620,LD_6007,1359
1621,LD_6009,1359
1622,LD_6022,7270
1623,LD_6023,196
1624,LD_6024,196
1625,LD_6028,3774
1626,LD_6031,8795
1627,LD_6035,722
1628,LD_6039,1779
1629,LD_6042,2400
1630,LD_6044,9420
1631,LD_6046,9211
1632,LD_6047,9211
1633,LD_6050,9058
1634,LD_6052,8800
1635,LD_6053,6672
1636,LD_6054,6400
1637,LD_6056,2505
1638,LD_6061,2063
1639,LD_6070,7686
1640,LD_6073,4974
1641,LD_6075,1381
1642,LD_6082,1983
1643,LD_6083,6471
1644,LD_6097,5015
1645,LD_6101,3941
1646,LD_6104,5153
1647,LD_6105,5153
1648,LD_6110,3352
1649,LD_6112,3417
1650,LD_6114,4709
1651,LD_6116,6053
1652,LD_6117,6053
1653,LD_6119,2589
1654,LD_6120,9346
1655,LD_6124,4056
1656,LD_6127,9372
1657,LD_6135,4460
1658,LD_6136,3901
1659,LD_6138,6424
1660,LD_6144,9408
1661,LD_6145,9408
1662,LD_6151,4331
1663,LD_6152,5719
1664,LD_6155,5719
1665,LD_6156,5733
1666,LD_6157,5746
1667,LD_6160,5852
1668,LD_6162,9498
1669,LD_6165,3374
1670,LD_6171,1841
1671,LD_6174,3462
1672,LD_6179,325
1673,LD_6189,7696
1674,LD_6191,7696
1675,LD_6197,7536
1676,LD_6204,2744
1677,LD_6205,2744
1678,LD_6206,2744
1679,LD_6216,4575
1680,LD_6221,4334
1681,LD_6225,7534
1682,LD_6231,721
1683,LD_6232,8312
1684,LD_6235,8087
1685,LD_6237,4111
1686,LD_6239,697
1687,LD_6243,2386
1688,LD_6245,4015
1689,LD_6247,188
1690,LD_6248,188
1691,LD_6256,9047
1692,LD_6265,4872
1693,LD_6272,7731
1694,LD_6274,8044
1695,LD_6277,7984
1696,LD_6282,6480
1697,LD_6285,2439
1698,LD_6287,1784
1699,LD_6290,2113
1700,LD_6292,3739
1701,LD_6298,7369
1702,LD_6299,3382
1703,LD_6314,13
1704,LD_6315,7255
1705,LD_6316,7051
1706,LD_6320,3987
1707,LD_6326,8202
1708,LD_6329,8206
1709,LD_6331,3804
1710,LD_6332,240
1711,LD_6334,2576
1712,LD_6340,7317
1713,LD_6343,7584
1714,LD_6346,3900
1715,LD_6349,2896
1716,LD_6360,3747
1717,LD_6361,3747
1718,LD_6363,6473
1719,LD_6366,9687
1720,LD_6374,9390
1721,LD_6377,1352
1722,LD_6386,1127
1723,LD_6387,1127
1724,LD_6388,1127
1725,LD_6391,8074
1726,LD_6393,5250
1727,LD_6394,5249
1728,LD_6395,296
1729,LD_6403,5371
1730,LD_6413,4716
1731,LD_6431,6640
1732,LD_6434,6996
1733,LD_6437,45
1734,LD_6438,45
1735,LD_6440,3149
1736,LD_6441,3149
1737,LD_6442,3358
1738,LD_6448,744
1739,LD_6453,9825
1740,LD_6454,9825
1741,LD_6457,9825
1742,LD_6458,9825
1743,LD_6477,2486
1744,LD_6479,2486
1745,LD_6480,2486
1746,LD_6484,9020
1747,LD_6485,9020
1748,LD_6488,730
1749,LD_6491,2767
1750,LD_6492,2767
1751,LD_6493,2435
1752,LD_6495,2435
1753,LD_6499,659
1754,LD_6501,2174
1755,LD_6505,1785
1756,LD_6506,1785
1757,LD_6510,1931
1758,LD_6514,3217
1759,LD_6515,4643
1760,LD_6517,7122
1761,LD_6518,7122
1762,LD_6521,1623
1763,LD_6523,1622
1764,LD_6527,7707
1765,LD_6531,7892
1766,LD_6532,4539
1767,LD_6533,4538
1768,LD_6538,1899
1769,LD_6540,6339
1770,LD_6543,9730
1771,LD_6545,6514
1772,LD_6546,6514
1773,LD_6547,7715
1774,LD_6550,8150
1775,LD_6559,5828
1776,LD_6561,7863
1777,LD_6564,7976
1778,LD_6571,1886
1779,LD_6572,1886
1780,LD_6575,8510
1781,LD_6579,4442
1782,LD_6580,2679
1783,LD_6581,2679
1784,LD_6582,5599
1785,LD_6583,8316
1786,LD_6586,8530
1787,LD_6591,8342
1788,LD_6594,7424
1789,LD_6598,124
1790,LD_6608,8534
1791,LD_6615,7747
1792,LD_6626,9101
1793,LD_6629,9101
1794,LD_6630,9101
1795,LD_6638,9447
1796,LD_6640,9225
1797,LD_6641,9225
1798,LD_6642,9538
1799,LD_6644,7169
1800,LD_6646,9467
1801,LD_6648,9194
1802,LD_6649,2938
1803,LD_6652,2104
1804,LD_6657,4653
1805,LD_6663,2777
1806,LD_6666,2155
1807,LD_6667,2155
1808,LD_6669,7687
1809,LD_6685,1289
1810,LD_6692,1276
1811,LD_6693,1277
1812,LD_6697,1287
1813,LD_6698,8596
1814,LD_6702,6457
1815,LD_6703,6458
1816,LD_6704,6457
1817,LD_6708,2572
1818,LD_6719,6355
1819,LD_6721,8357
1820,LD_6727,7944
1821,LD_6729,9175
1822,LD_6731,2272
1823,LD_6736,3809
1824,LD_6738,3204
1825,LD_6741,894
1826,LD_6749,668
1827,LD_6756,7433
1828,LD_6758,5162
1829,LD_6762,3957
1830,LD_6764,9349
1831,LD_6769,8973
1832,LD_6771,8971
1833,LD_6772,8974
1834,LD_6774,2861
1835,LD_6785,2440
1836,LD_6787,8153
1837,LD_6791,4720
1838,LD_6796,6756
1839,LD_6800,2538
1840,LD_6803,4825
1841,LD_6804,6092
1842,LD_6805,6092
1843,LD_6806,7233
1844,LD_6808,7828
1845,LD_6810,8470
1846,LD_6812,80
1847,LD_6813,80
1848,LD_6814,80
1849,LD_6822,1602
1850,LD_6828,703
1851,LD_6835,8694
1852,LD_6843,8595
1853,LD_6846,2969
1854,LD_6850,6818
1855,LD_6854,9945
1856,LD_6859,1206
1857,LD_6864,4491
1858,LD_6866,4487
1859,LD_6869,1993
1860,LD_6871,3270
1861,LD_6874,7736
1862,LD_6876,3907
1863,LD_6882,1238
1864,LD_6885,1237
1865,LD_6888,5311
1866,LD_6890,7027
1867,LD_6891,6051
1868,LD_6892,6050
1869,LD_6895,7052
1870,LD_6897,7056
1871,LD_6899,332
1872,LD_6900,332
1873,LD_6910,5566
1874,LD_6911,2071
1875,LD_6915,1150
1876,LD_6916,1150
1877,LD_6918,1726
1878,LD_6920,1727
1879,LD_6922,2283
1880,LD_6929,7287
1881,LD_6930,8051
1882,LD_6931,3743
1883,LD_6933,1551
1884,LD_6957,5461
1885,LD_6959,9555
1886,LD_6963,5382
1887,LD_6964,2904
1888,LD_6965,2904
1889,LD_6969,3770
1890,LD_6977,4203
1891,LD_6982,3115
1892,LD_6983,8385
1893,LD_6985,6600
1894,LD_6988,3089
1895,LD_6993,967
1896,LD_6995,3396
1897,LD_7008,3563
1898,LD_7010,3180
1899,LD_7011,3180
1900,LD_7014,572
1901,LD_7016,573
1902,LD_7020,6320
1903,LD_7024,5628
1904,LD_7026,5490
1905,LD_7028,9281
1906,LD_7030,9281
1907,LD_7032,1061
1908,LD_7039,9196
1909,LD_7043,9013
1910,LD_7045,9045
1911,LD_7058,9102
1912,LD_7066,3157
1913,LD_7067,7085
1914,LD_7068,7085
1915,LD_7070,4012
1916,LD_7072,5240
1917,LD_7077,3095
1918,LD_7087,112
1919,LD_7088,7315
1920,LD_7089,7315
1921,LD_7092,2015
1922,LD_7098,300
1923,LD_7102,7574
1924,LD_7105,9529
1925,LD_7107,1949
1926,LD_7111,8079
1927,LD_7112,7689
1928,LD_7113,7689
1929,LD_7114,580
1930,LD_7115,581
1931,LD_7116,581
1932,LD_7119,3202
1933,LD_7120,1525
1934,LD_7123,1525
1935,LD_7134,6405
1936,LD_7136,2198
1937,LD_7138,565
1938,LD_7148,4437
1939,LD_7156,924
1940,LD_7166,9166
1941,LD_7171,2875
1942,LD_7180,9704
1943,LD_7184,4839
1944,LD_7192,1644
1945,LD_7194,1636
1946,LD_7196,1651
1947,LD_7203,9579
1948,LD_7211,4087
1949,LD_7213,4258
1950,LD_7217,9440
1951,LD_7218,7551
1952,LD_7219,7552
1953,LD_7223,693
1954,LD_7224,3315
1955,LD_7235,7280
1956,LD_7243,6166
1957,LD_7244,6166
1958,LD_7246,6392
1959,LD_7254,4783
1960,LD_7260,7538
1961,LD_7261,7413
1962,LD_7262,7414
1963,LD_7267,8082
1964,LD_7273,7918
1965,LD_7274,7918
1966,LD_7278,1716
1967,LD_7279,3027
1968,LD_7288,5157
1969,LD_7289,6971
1970,LD_7290,7002
1971,LD_7292,5632
1972,LD_7294,3312
1973,LD_7296,222
1974,LD_7301,218
1975,LD_7318,9573
1976,LD_7322,9773
1977,LD_7325,2004
1978,LD_7331,3568
1979,LD_7332,3569
1980,LD_7337,6995
1981,LD_7340,2398
1982,LD_7341,4772
1983,LD_7345,6653
1984,LD_7346,2889
1985,LD_7347,5161
1986,LD_7357,5494
1987,LD_7360,4350
1988,LD_7370,3177
1989,LD_7371,7178
1990,LD_7377,9799
1991,LD_7380,8875
1992,LD_7385,1095
1993,LD_7386,1095
1994,LD_7390,3171
1995,LD_7392,3181
1996,LD_7393,7341
1997,LD_7398,3405
1998,LD_7409,1902
1999,LD_7412,3776
2000,LD_7415,1174
2001,LD_7428,735
2002,LD_7437,1932
2003,LD_7439,1566
2004,LD_7441,3035
2005,LD_7447,3172
2006,LD_7448,3172
2007,LD_7456,3160
2008,LD_7458,2850
2009,LD_7459,2850
2010,LD_7473,7039
2011,LD_7474,7039
2012,LD_7476,2561
2013,LD_7478,2079
2014,LD_7483,624
2015,LD_7487,9395
2016,LD_7490,9110
2017,LD_7496,8019
2018,LD_7497,3762
2019,LD_7498,3762
2020,LD_7501,6271
2021,LD_7507,5549
2022,LD_7508,5549
2023,LD_7509,1081
2024,LD_7510,1080
2025,LD_7514,2569
2026,LD_7515,1812
2027,LD_7518,1939
2028,LD_7523,9725
2029,LD_7525,6881
2030,LD_7536,8546
2031,LD_7538,9850
2032,LD_7540,118
2033,LD_7541,111
2034,LD_7543,2865
2035,LD_7547,164
2036,LD_7553,2694
2037,LD_7554,9808
2038,LD_7558,4697
2039,LD_7566,8747
2040,LD_7567,9834
2041,LD_7569,1729
2042,LD_7574,595
2043,LD_7579,257
2044,LD_7587,4368
2045,LD_7589,1388
2046,LD_7599,5692
2047,LD_7606,2426
2048,LD_7607,1908
2049,LD_7609,1908
2050,LD_7611,2281
2051,LD_7612,2281
2052,LD_7615,1837
2053,LD_7621,8752
2054,LD_7622,3997
2055,LD_7623,3997
2056,LD_7628,6198
2057,LD_7629,4319
2058,LD_7635,6690
2059,LD_7643,1690
2060,LD_7655,1701
2061,LD_7663,1810
2062,LD_7664,1810
2063,LD_7665,9213
2064,LD_7671,5277
2065,LD_7673,9152
2066,LD_7678,5373
2067,LD_7680,7336
2068,LD_7681,2361
2069,LD_7684,8622
2070,LD_7685,3460
2071,LD_7687,551
2072,LD_7688,552
2073,LD_7698,4842
2074,LD_7703,452
2075,LD_7705,4907
2076,LD_7710,1829
2077,LD_7713,6115
2078,LD_7714,6115
2079,LD_7719,2309
2080,LD_7727,6834
2081,LD_7728,2300
2082,LD_7737,5252
2083,LD_7742,9028
2084,LD_7743,9028
2085,LD_7744,9028
2086,LD_7746,9274
2087,LD_7747,9469
2088,LD_7752,9114
2089,LD_7753,1756
2090,LD_7755,619
2091,LD_7760,8522
2092,LD_7761,7826
2093,LD_7775,4676
2094,LD_7777,1753
2095,LD_7780,5502
2096,LD_7786,4639
2097,LD_7787,4638
2098,LD_7793,1889
2099,LD_7794,8294
2100,LD_7802,8550
2101,LD_7804,8100
2102,LD_7805,8101
2103,LD_7809,7622
2104,LD_7813,2902
2105,LD_7814,4679
2106,LD_7815,4678
2107,LD_7819,4101
2108,LD_7827,5225
2109,LD_7834,2364
2110,LD_7836,6499
2111,LD_7839,7518
2112,LD_7841,2472
2113,LD_7842,2472
2114,LD_7843,2596
2115,LD_7844,2596
2116,LD_7847,5001
2117,LD_7854,6902
2118,LD_7856,1745
2119,LD_7860,2287
2120,LD_7861,2284
2121,LD_7862,2720
2122,LD_7863,2720
2123,LD_7864,2721
2124,LD_7866,2722
2125,LD_7868,6211
2126,LD_7870,1719
2127,LD_7872,1719
2128,LD_7877,5207
2129,LD_7879,895
2130,LD_7882,895
2131,LD_7888,2926
2132,LD_7889,3059
2133,LD_7893,5576
2134,LD_7898,6522
2135,LD_7904,4605
2136,LD_7906,6130
2137,LD_7909,7756
2138,LD_7911,8117
2139,LD_7914,7982
2140,LD_7915,7982
2141,LD_7918,6155
2142,LD_7920,6506
2143,LD_7922,5085
2144,LD_7926,7109
2145,LD_7927,7109
2146,LD_7937,6738
2147,LD_7938,4361
2148,LD_7947,6906
2149,LD_7951,7847
2150,LD_7952,247
2151,LD_7956,6888
2152,LD_7957,7593
2153,LD_7961,929
2154,LD_7965,5529
2155,LD_7970,740
2156,LD_7971,740
2157,LD_7972,740
2158,LD_7973,740
2159,LD_7979,4502
2160,LD_7984,7070
2161,LD_7987,6681
2162,LD_7988,6681
2163,LD_7991,6133
2164,LD_7998,6220
2165,LD_8003,7728
2166,LD_8005,5499
2167,LD_8007,4939
2168,LD_8015,1115
2169,LD_8017,1063
2170,LD_8022,1503
2171,LD_8023,1503
2172,LD_8030,6475
2173,LD_8031,4412
2174,LD_8035,4412
2175,LD_8045,6307
2176,LD_8046,6307
2177,LD_8052,683
2178,LD_8054,8958
2179,LD_8055,8958
2180,LD_8057,9103
2181,LD_8060,2643
2182,LD_8065,2673
2183,LD_8068,1964
2184,LD_8070,1964
2185,LD_8077,2041
2186,LD_8079,2562
2187,LD_8082,2625
2188,LD_8083,2625
2189,LD_8086,7340
2190,LD_8088,5434
2191,LD_8092,5767
2192,LD_8100,7061
2193,LD_8102,7060
2194,LD_8103,9756
2195,LD_8105,7659
2196,LD_8106,7659
2197,LD_8107,3974
2198,LD_8108,2628
2199,LD_8109,2628
2200,LD_8111,2119
2201,LD_8114,2119
2202,LD_8115,2119
2203,LD_8121,1788
2204,LD_8125,9404
2205,LD_8134,4195
2206,LD_8135,4195
